business	long	lat	cat	img1	img2	img3	PlaceID
Kings Road Cafe	34.076279	-118.372326	food	http://www.stylespotting.com/wp-content/uploads/2011/02/Kings-Road-Crab-Cakes-Benedict.jpg	http://images1.laweekly.com/imager/kings-road-cafe/u/original/4461614/7162917.0.jpg		ChIJMWE-10q5woAR9T0aZWhOL3w
Beverly Hills Juice Club	34.075856	-118.372923	drink	http://www.beverlyhillsjuice.com/images/l1016243.jpg	http://images.foodmento.com/U2303P7772F30424-1434001353-238.jpg	https://soniaasu.files.wordpress.com/2014/08/2014-08-08-12-34-52.jpg	ChIJn6dDL0u5woARrv2Dl4Nw4CU
Mandarette Chinese Cafe	34.075839	-118.373029	food				ChIJ4c1tL0u5woARxKrOk3QlnW8
west elm	34.075884	-118.372509	retail	http://stratfordengineers.com/new/wp-content/uploads/2013/11/13.jpg			ChIJU-uG2Eq5woARV3ADm7HaWGk
Elan Hotel	34.076217	-118.374402	hotel	http://api.ning.com/files/vPDVXyPaNClfL8KT2QZUkEvbngPW6*cDEQ3URv-h4mASAUzAUk6lqtfevNr9KOyKl7CQUCZqA*PrUlpko5uWXUJN5Zwfl2bQ/ElanHotelLosAngelesWestHollywood.jpg?width=547&height=270			ChIJlaZnTEu5woAR_5HiQKAH4UE
Vegan Glory	34.07644	-118.373037	food	http://www.thedeliciouslife.com/wp-content/uploads/2012/09/vegan-glory-crispy-tacos.jpg	http://greenmenu.org/wp-content/uploads/ca-vegan-glory.jpg	http://storage.tastesavant.com.s3.amazonaws.com/restaurants/Vegan%20Glory/VeganGloryInterior.jpg	ChIJyYMRL0u5woARId-DVapUFNk
Hirozen	34.076338	-118.372724	food				ChIJtVC8KEu5woARoLmr473xrzU
Backyard Bowls	34.07634	-118.370391	food	http://static1.squarespace.com/static/54ac31a9e4b0a068cecfa752/t/55135b0ce4b0959b10506eba/1427332029825/Backyard_Bowls_Downtown_089.jpg	https://www.theinfatuation.com/wp-content/uploads/2015/07/Backyard-Bowls-Los-Angeles-630x420.jpg	https://cdn1.vox-cdn.com/thumbor/6dSgm8UlhPiTPFR6tSujDK8jHw4=/0x301:3264x2137/1600x900/cdn0.vox-cdn.com/uploads/chorus_image/image/46239320/byb_LA_exterior.0.0.jpeg	ChIJDSWGokq5woARttwzw9_LHcc
Blue Bottle Coffee	34.076222	-118.370136	drink	https://s-media-cache-ak0.pinimg.com/736x/42/0a/8c/420a8c0b4cc09ff5f2044eba8fd888e6.jpg	https://cdn1.vox-cdn.com/thumbor/W3393deDpFP-KNRuxAk_zQDvaZY=/0x600/cdn0.vox-cdn.com/uploads/chorus_asset/file/3873196/2015-07-13-bluebottle-weho-001.0.jpg	https://s-media-cache-ak0.pinimg.com/736x/05/af/6c/05af6cfb92d6111b0380adcbe8750498.jpg	ChIJhZm5pEq5woARy3jF8vpqET8
Eric Buterbaugh Florals	34.07624	-118.369755	retail	https://cdn3.vox-cdn.com/thumbor/RZJQ5WNhdQFN1kCfSxZDPYWchH0=/0x600/cdn0.vox-cdn.com/uploads/chorus_asset/file/3797306/Eric-Buterbaugh-Florals-01_2015_06.0.png	https://cdn1.vox-cdn.com/thumbor/sYsVAXB1izFIws2HjRMT2N010rs=/0x600/cdn0.vox-cdn.com/uploads/chorus_asset/file/3797310/Eric-Buterbaugh-Florals-03_2015_06.0.png	https://cdn2.vox-cdn.com/thumbor/l5sDCQFF3nxPB037mBS0LXOuLos=/0x600/cdn0.vox-cdn.com/uploads/chorus_asset/file/3797308/Eric-Buterbaugh-Florals-04_2015_06.0.png	ChIJAfnCoEq5woARK4hXCpYyV8I
Terrine	34.076247	-118.369526	food	http://terrinela.com/wp-content/uploads/2014/11/Terrine_Front2015.jpg	http://images2.laweekly.com/imager/u/original/5476439/10373455.0.jpg	http://files.kevineats.com/pics/2015/150116-Terrine/P1270907+P1270901.jpg	ChIJ2ZD-XzW5woARbzBbcPmkdXM
Decor de Paris Textiles & Trims	34.076274	-118.369245	retail	http://californiacreativebuilders.com/Portfolio/decor/images/DSC_1605.JPG	http://boston.webstercompany.com/images/vendors1035.jpg		ChIJOz5JZzW5woAREkb0s877gHQ
Bao Dim Sum House	34.075881	-118.369881	food	http://www.thirstyfortea.com/wp-content/uploads/2014/05/char-siu-bao-steamed2.jpg	http://images2.laweekly.com/imager/bao-dim-sum-house/u/745x420/4470293/7165438.0.jpg	http://www.usmenuguide.com/baodimsumhouselosangeles.jpg	ChIJre7lnkq5woARc4eVeKkOoEQ
Jar			food	http://thejar.com/wp-content/uploads/2014/10/JAR_N2-07_16.jpg	https://tomostyle.files.wordpress.com/2010/01/img_1073.jpg		ChIJYxfmZzW5woAR5ZXA4iAzipQ
Environment Furniture			retail	http://www.environmentfurniture.com/media/catalog/product/cache/1/image/5e06319eda06f020e43594a9c230972d/s/t/studio-sectional_1.jpg	http://www.environmentfurniture.com/media/catalog/product/cache/1/image/5e06319eda06f020e43594a9c230972d/v/i/vincent-bed_1.jpg	http://naturalchildworld.com/wp-content/uploads/2014/03/peroba-sofa-and-chair-santomer-coffee.jpg	ChIJ4xjUATW5woARPaIiD0ZmQ50
The Little Door			food	https://lawanderlust.files.wordpress.com/2013/10/photo-857.jpg	http://thelittledoor.com/thelittledoor/wp-content/uploads/2014/05/slider-homepage-2.jpg	http://thelittledoor.com/thelittledoor/wp-content/uploads/2014/05/image-menu.jpg	ChIJn27gbza5woARGlcPgv8gNn4
Satine			retail	http://media2.popsugar-assets.com/files/2011/11/48/1/192/1922398/fd94b9071d58a736_134176078.xxxlarge/i/Nicole-Richie-picked-through-sweaters-Satine.jpg	http://jcreport.com/wp-content/uploads/2013/07/satineb.jpg		ChIJjcmJZDa5woAR6SVIDHnxv_s